{"cameraMode":{"drawMode":0,"name":"Shaded","section":"Shading Mode"},"sceneLighting":true,"audioPlay":false,"sceneViewState":{"m_AlwaysRefresh":false,"showFog":true,"showSkybox":true,"showFlares":true,"showImageEffects":true,"showParticleSystems":true,"showVisualEffectGraphs":true,"m_FxEnabled":true},"in2DMode":false,"pivot":{"x":278.5557556152344,"y":181.5564422607422,"z":20.401958465576173},"rotation":{"x":0.16663296520709992,"y":-0.0014772823778912426,"z":0.0002563931921031326,"w":0.9861155152320862},"size":198.0334930419922,"orthographic":false}